UnitID,Institution Name,Average net price-students awarded grant or scholarship aid  2022-23,Percent of undergraduate students awarded federal  state  local  institutional or other sources of grant aid,Percent of undergraduate students awarded Federal Pell grants,Average net price-students awarded grant or scholarship aid  2022-23,Average net price (income over 110 000)-students awarded Title IV federal financial aid  2022-23,Average net price (income over 110 000)-students awarded Title IV federal financial aid  2022-23,State,Total price for out-of-state students living on campus 2023-24,Total price for out-of-state students living off campus (not with family) ,Percent admitted - women,Full-time retention rate  2023,Percent of total enrollment that are Hispanic/Latino,Percent of total enrollment that are White,Percent of total enrollment that are Black or African American ,Percent of total enrollment that are Asian,Number of first-time undergraduates - in-state,Number of first-time undergraduates - out-of-state ,Total  enrollment,Graduation rate  women ,Graduation rate  total cohort ,Graduation rate  Black  non-Hispanic ,Graduation rate  Hispanic ,Graduation rate  White  non-Hispanic,Graduation rate  Asian ,ACT Composite 25th percentile score ,ACT Composite 50th percentile score ,ACT Composite 75th percentile score ,ACT English 25th percentile score ,ACT English 50th percentile score,ACT English 75th percentile score ,ACT Math 25th percentile score ,ACT Math 75th percentile score,ACT Math 50th percentile score
227526,Prairie View A & M University,,92,62,14065,23032,,TX,43373,41928,77,74,7,1,84,1,1862,239,9517,45,43,45,31,31,36,16,18,20,14,17,20,15,20,17
157951,Western Kentucky University,,86,29,12054,18601,,KY,42452,46105,98,78,6,75,8,3,1989,826,16759,59,54,29,36,60,69,16,18,20,14,17,21,15,18,16
101480,Jacksonville State University,,80,43,14511,18079,,AL,35114,37972,77,64,5,61,22,1,1319,383,9672,55,51,30,40,57,60,17,20,24,16,21,25,16,23,18
188030,New Mexico State University-Main Campus,,81,40,8353,10360,,NM,43235,43971,78,75,58,27,3,1,1880,462,14779,56,52,40,50,58,62,17,20,24,15,19,23,16,23,18
228796,The University of Texas at El Paso,,72,61,10333,18978,,TX,41684,44130,100,77,84,5,2,1,3629,65,24351,52,46,26,46,47,60,17,20,23,16,19,23,16,22,19
220862,University of Memphis,,83,40,13656,19252,,TN,32510,34314,94,71,9,38,35,5,2065,451,21736,54,49,40,50,56,77,17,20,24,16,20,24,16,23,18
175430,Blue Mountain Christian University,16525,59,26,,,23067,MS,33258,34026,100,74,9,68,15,1,70,32,971,64,51,60,100,52,0,18,20,22,17,19,23,17,22,20
169798,Eastern Michigan University,,69,37,17388,22274,,MI,31854,32158,83,68,9,58,17,4,1564,245,13324,49,45,29,37,53,53,18,22,26,18,22,26,17,26,21
139931,Georgia Southern University,,75,35,16957,20259,,GA,36626,35715,90,77,8,58,24,2,4314,355,26041,59,52,49,45,54,59,18,20,23,16,20,23,17,23,18
203517,Kent State University at Kent,,78,27,20333,25263,,OH,41288,41886,88,79,4,71,8,3,3405,766,26106,68,65,58,61,67,69,18,21,25,17,21,24,17,25,21
237525,Marshall University,,79,38,9734,15496,,WV,36646,35868,96,79,3,76,5,2,1360,375,11027,52,49,43,49,49,73,18,21,24,18,21,25,17,24,19
102368,Troy University,,74,42,12504,14278,,AL,33950,36814,93,73,5,52,32,1,1225,426,13923,51,47,33,49,52,56,18,21,25,18,21,25,16,23,19
200800,University of Akron Main Campus,,69,29,15292,19698,,OH,33105,33025,75,73,4,69,11,4,1899,151,13518,50,48,22,37,55,74,18,21,25,16,21,24,17,25,21
182281,University of Nevada-Las Vegas,,70,40,11388,15555,,NV,43460,45496,97,78,33,25,9,15,3873,662,31094,54,50,41,45,52,62,18,21,24,17,21,24,16,24,19
156125,Wichita State University,,59,30,14184,18751,,KS,37730,36690,96,68,13,49,5,6,1359,380,16741,55,51,32,43,57,63,18,22,26,16,21,25,17,25,20
106458,Arkansas State University,,79,37,13002,17431,,AR,32298,33799,73,78,5,67,15,1,1250,274,14032,59,55,45,60,57,63,19,22,25,19,23,27,17,25,21
139940,Georgia State University,,82,50,16390,20338,,GA,46699,47173,62,78,13,20,39,14,3911,269,34974,57,54,53,55,52,59,19,22,26,18,22,26,17,26,21
220978,Middle Tennessee State University,,77,31,12700,17620,,TN,47356,47544,68,78,9,64,13,4,2777,281,20183,58,54,44,49,59,59,19,22,26,19,22,26,17,24,20
176053,Mississippi College,21135,95,26,,,22565,MS,41365,42118,48,80,4,66,20,3,,,4087,64,63,38,64,66,83,19,22,26,19,23,27,17,25,21
227881,Sam Houston State University,,69,40,14556,23198,,TX,35986,35986,87,75,28,46,17,3,3547,38,21403,60,55,46,60,56,51,19,21,25,20,23,28,16,23,19
228459,Texas State University,,58,36,15307,23150,,TX,40390,40390,91,78,41,39,9,3,7657,166,38722,59,56,45,52,62,64,19,23,26,18,22,25,17,25,21
229027,The University of Texas at San Antonio,,70,42,10831,19758,,TX,37740,39094,90,79,59,20,8,6,5707,105,34864,54,51,49,54,45,55,19,22,26,17,21,25,17,25,21
159993,University of Louisiana at Monroe,,66,33,11160,15747,,LA,38748,39903,80,72,3,59,23,1,922,67,8272,52,51,36,46,53,72,19,21,24,19,22,25,17,23,19
157289,University of Louisville,,85,29,18808,25116,,KY,50052,50400,80,81,8,61,15,6,2304,780,22139,63,61,51,52,63,75,19,23,27,19,23,28,17,26,22
187985,University of New Mexico-Main Campus,,88,36,7528,20948,,NM,44370,44370,96,73,46,31,3,4,2997,529,22700,56,53,34,51,58,73,19,22,26,18,21,25,17,25,21
227216,University of North Texas,,64,36,14675,21829,,TX,37067,38562,75,77,24,32,13,7,6245,243,47507,66,60,55,59,61,72,19,23,27,18,22,27,17,25,21
102094,University of South Alabama,,75,37,13613,21878,,AL,34785,37017,66,76,5,62,21,4,1402,499,13768,56,53,45,50,55,68,19,22,26,20,22,26,17,25,20
176372,University of Southern Mississippi,,80,47,14050,19561,,MS,29102,27522,100,70,5,57,27,2,1252,362,13110,55,51,36,55,59,63,19,22,27,18,22,27,17,25,20
201441,Bowling Green State University-Main Campus,,69,23,20987,23945,,OH,39688,40062,81,80,5,76,6,1,2703,368,17027,66,63,48,43,66,67,20,22,26,18,21,24,17,25,21
218724,Coastal Carolina University,,76,27,14453,18612,,SC,46406,45374,83,76,6,67,11,1,858,1893,10829,55,51,46,42,53,45,20,23,26,19,22,24,18,25,21
198464,East Carolina University,,56,31,14470,22787,,NC,40608,40642,91,82,9,63,17,3,3225,662,26785,66,62,58,59,65,52,20,23,26,18,21,24,18,25,22
133669,Florida Atlantic University,,65,35,9839,16235,,FL,37290,41064,75,84,27,40,17,4,,,30790,69,64,64,66,63,73,20,23,26,20,22,25,18,24,21
133951,Florida International University,,61,40,10742,17313,,FL,38369,39797,60,92,64,10,11,3,,,53953,77,74,69,76,67,86,20,24,26,20,24,27,17,24,21
155399,Kansas State University,,76,19,18745,21843,,KS,46160,43532,82,87,9,76,3,2,2288,866,19745,74,70,46,57,73,75,20,23,27,18,23,27,19,26,22
207388,Oklahoma State University-Main Campus,,83,26,18291,22650,,OK,43754,44654,69,84,9,64,4,2,2969,1624,26043,68,66,48,60,69,63,20,23,27,19,22,26,18,26,22
230728,Utah State University,,56,26,15825,17671,,UT,38494,38740,94,74,7,81,1,1,3249,1111,28063,62,57,39,45,60,70,20,24,28,19,23,28,18,27,23
238032,West Virginia University,,75,20,13691,17130,,WV,45356,41180,88,81,4,79,3,2,1890,2458,24200,67,61,45,50,63,69,20,23,26,20,22,26,18,26,22
172699,Western Michigan University,,67,25,20183,25313,,MI,34570,34570,86,80,8,67,8,3,1919,515,16693,62,58,44,49,62,66,20,24,27,18,24,26,20,26,23
197869,Appalachian State University,,44,26,14712,21991,,NC,40320,41440,90,85,8,81,3,2,3664,540,21253,74,73,67,64,75,65,21,24,27,19,23,26,18,25,23
169248,Central Michigan University,,80,31,15826,18780,,MI,31058,28470,92,74,5,67,8,2,1803,169,14399,66,62,46,58,65,62,21,24,27,20,24,28,19,27,23
153603,Iowa State University,,73,18,17354,21827,,IA,41390,41390,91,88,7,71,3,4,,,30177,78,75,53,63,77,77,21,24,28,19,23,27,19,27,24
159647,Louisiana Tech University,,90,20,12593,15634,,LA,31506,33309,72,84,5,72,11,2,1905,303,11427,65,58,43,47,61,77,21,24,27,21,24,29,20,26,24
176080,Mississippi State University,,83,29,16480,20463,,MS,46219,46442,76,83,4,72,15,2,2068,1608,22657,66,63,41,48,71,75,21,25,29,21,24,30,19,27,24
140951,Savannah College of Art and Design,46524,91,19,,,47565,GA,64337,60461,85,87,6,48,11,6,558,2622,17575,73,70,58,72,71,78,21,24,28,21,25,30,18,26,22
104179,University of Arizona,,79,26,18144,20936,,AZ,60595,58195,88,88,25,45,4,5,4561,4027,53001,69,66,42,62,70,75,21,26,30,21,25,30,21,28,25
106397,University of Arkansas,,52,17,17475,20991,,AR,49032,49032,74,86,10,72,4,3,2965,3325,32140,75,70,47,66,72,73,21,24,28,21,24,28,19,26,23
155317,University of Kansas,,70,20,18322,21310,,KS,44844,44962,92,85,9,66,4,6,2889,2271,28406,71,69,45,59,72,74,21,24,27,20,23,27,18,27,23
157085,University of Kentucky,,87,21,19838,24687,,KY,55292,55292,93,87,6,74,7,4,3759,2599,32703,73,70,48,63,73,76,21,25,28,21,24,29,20,27,24
176017,University of Mississippi,,73,22,14946,20769,,MS,46520,46880,98,88,5,75,11,2,1594,3614,24043,72,68,52,58,71,74,21,25,29,21,25,30,20,27,24
199139,University of North Carolina at Charlotte,,49,34,13768,20740,,NC,39334,39334,82,85,13,47,17,9,4041,372,30298,71,68,66,65,68,75,21,24,27,19,22,26,20,26,24
131520,Howard University,30028,89,41,,,51384,DC,54630,63696,36,90,6,1,69,3,,,13416,71,69,68,67,56,63,22,25,28,23,25,30,21,26,24
204857,Ohio University-Main Campus,,66,20,20550,23216,,OH,41464,40224,87,82,4,78,6,2,3962,607,24937,70,66,49,67,68,66,22,25,28,21,24,28,20,26,24
232982,Old Dominion University,,64,37,16150,22658,,VA,52054,52054,92,76,10,44,29,5,2418,173,22541,49,44,36,44,52,54,22,24,27,21,24,26,20,25,23
229115,Texas Tech University,,67,26,16773,24903,,TX,40621,40621,71,85,27,51,6,3,6582,522,40773,72,67,59,64,70,68,22,25,28,21,23,27,21,27,24
100663,University of Alabama at Birmingham,,74,33,17413,21326,,AL,42411,43651,91,82,6,49,22,8,1716,342,21160,66,63,55,47,63,87,22,26,30,22,26,33,20,27,24
153658,University of Iowa,,68,18,20121,24580,,IA,50559,50559,87,89,8,72,3,5,2657,2333,30042,74,73,53,67,74,80,22,25,28,20,24,28,20,27,24
181464,University of Nebraska-Lincoln,,85,22,18029,22012,,NE,46296,46296,77,84,9,73,3,4,3506,1113,23986,70,66,41,56,68,76,22,24,28,21,24,28,21,27,24
209551,University of Oregon,,70,22,23917,29475,,OR,63354,59892,87,85,15,61,3,7,2381,2585,23786,73,71,56,63,74,81,22,27,30,21,26,32,20,28,25
206084,University of Toledo,,71,26,17927,21594,,OH,41669,36910,96,76,6,63,9,4,,,14939,59,56,31,44,61,74,22,25,28,20,24,27,21,28,25
230764,University of Utah,,60,20,13341,17278,,UT,51135,56937,89,85,13,61,1,6,,,35260,67,64,58,57,65,75,22,25,29,21,25,30,7,8,8
198516,Elon University,41849,66,9,,,48382,NC,62514,62514,68,90,7,77,6,2,,,7207,85,83,89,85,83,57,23,26,28,23,25,29,22,26,25
225511,University of Houston,,62,41,13738,22969,,TX,39214,40582,71,86,34,19,11,22,5256,155,46676,70,65,51,61,66,74,23,25,28,22,25,29,20,27,24
160658,University of Louisiana at Lafayette,,73,39,13443,18398,,LA,42904,44875,90,76,5,58,24,3,2953,81,15345,57,52,41,53,56,61,23,25,27,23,26,30,21,26,24
178396,University of Missouri-Columbia,,76,20,20006,24637,,MO,52480,52480,79,91,5,76,5,3,3414,1689,31013,80,76,67,72,78,79,23,26,29,22,25,30,21,28,25
207500,University of Oklahoma-Norman Campus,,83,24,19900,23842,,OK,47556,47556,78,89,13,55,5,6,2597,2474,29145,79,75,77,72,76,79,23,26,29,22,25,30,21,27,25
217819,College of Charleston,,64,19,20806,24730,,SC,56976,56723,75,82,7,78,6,2,1012,1602,11729,67,65,64,52,66,61,24,27,29,23,26,31,22,27,25
159391,Louisiana State University and Agricultural & Mechanical College,,74,26,21808,26244,,LA,51895,53821,75,84,9,60,18,4,4622,2813,39418,75,71,55,65,74,81,24,26,29,23,26,31,22,27,25
100751,The University of Alabama,,66,18,21761,25773,,AL,54682,55162,77,86,7,70,12,2,2956,5251,39622,76,74,62,64,76,66,24,27,31,23,27,33,22,29,26
164155,United States Naval Academy,,,,,,,MD,,,10,96,14,58,6,10,99,1037,4465,95,92,78,88,94,93,24,28,31,24,28,33,25,30,27
201885,University of Cincinnati-Main Campus,,60,18,21511,26573,,OH,50354,56044,87,86,5,65,8,6,5301,1382,43338,75,72,55,75,73,77,24,27,29,22,25,30,23,29,26
137351,University of South Florida,,70,30,11578,17671,,FL,36539,35114,42,91,21,43,8,8,4632,777,48572,77,75,75,73,73,84,24,26,29,23,25,29,21,27,24
207971,University of Tulsa,23681,96,26,,,30755,OK,66688,66688,54,85,11,50,7,6,315,254,3559,72,73,73,67,75,93,24,28,33,24,29,35,24,31,27
100858,Auburn University,,59,12,24524,29310,,AL,56706,56046,49,93,4,79,5,3,3188,2707,33015,82,79,68,72,81,77,25,28,31,25,28,33,24,29,26
150136,Ball State University,,69,34,13017,21756,,IN,44742,44742,73,77,8,71,10,3,3453,335,20440,65,63,54,57,65,65,25,27,30,24,26,31,22,28,25
232423,James Madison University,,88,17,26317,28869,,VA,49188,49188,79,90,8,74,5,5,,,22758,85,81,74,74,82,81,25,27,29,,,,,,
228723,Texas A & M University-College Station,,57,19,21610,29548,,TX,60736,59362,63,94,23,51,3,11,12892,694,76633,87,84,75,79,87,84,25,28,31,23,27,32,24,29,26
221759,The University of Tennessee-Knoxville,,75,21,20885,25438,,TN,52168,52168,46,91,6,77,4,3,3859,2773,36304,77,73,60,68,75,79,25,28,31,24,28,32,24,29,26
100706,University of Alabama in Huntsville,,69,22,19847,21937,,AL,42662,42662,69,81,6,67,9,4,793,365,8743,68,62,43,62,63,74,25,28,31,24,28,33,24,29,27
132903,University of Central Florida,,69,33,13110,17821,,FL,40767,40767,38,92,29,43,9,8,7533,617,69233,79,75,73,74,76,81,25,27,29,24,27,30,23,27,25
139959,University of Georgia,,86,17,16303,17846,,GA,47146,46754,39,95,7,64,7,11,5069,1050,41615,89,87,83,86,89,82,25,29,32,31,33,35,27,32,30
156408,Centre College,23780,98,21,,,28164,KY,68035,67305,59,88,8,73,5,4,196,145,1356,90,85,71,89,85,94,26,29,32,25,30,34,24,30,27
204024,Miami University-Oxford,,83,11,27928,30943,,OH,60973,60973,83,90,5,80,3,3,2486,1406,18618,87,82,79,82,84,76,26,28,31,24,27,32,25,30,27
171100,Michigan State University,,73,20,24630,28327,,MI,60052,60052,85,91,6,64,6,8,7226,1689,51316,85,82,65,69,85,85,26,28,31,26,30,33,24,30,27
228875,Texas Christian University,39005,81,13,,,49598,TX,77060,77060,46,94,18,63,5,3,1100,1286,12785,88,86,72,85,86,90,26,29,31,26,30,34,25,30,27
128328,United States Air Force Academy,,,,,,,CO,,,13,96,12,63,6,7,,,4124,91,88,77,87,90,90,26,30,33,25,30,34,25,31,28
218663,University of South Carolina-Columbia,,79,19,26068,29493,,SC,54223,52904,65,91,6,70,10,4,3968,3264,36579,82,78,74,73,79,82,26,29,32,25,29,34,24,29,27
223232,Baylor University,49727,90,13,,,47442,TX,74269,75360,48,91,16,60,6,8,1998,1228,20824,83,80,75,75,83,80,27,29,32,26,30,34,25,30,27
134097,Florida State University,,78,24,14903,17910,,FL,39082,39002,24,96,21,56,9,4,4908,916,43234,85,83,80,82,84,79,27,29,31,26,30,33,25,29,27
151351,Indiana University-Bloomington,,66,17,16282,24018,,IN,57592,57592,81,91,8,62,4,9,5145,3878,47527,84,81,68,78,82,84,27,30,32,26,30,34,26,31,28
214777,Pennsylvania State University-Main Campus,,49,13,27450,37209,,PA,59846,60264,56,92,9,58,5,7,,,50399,88,86,70,78,88,89,27,29,32,25,30,33,25,31,28
243780,Purdue University-Main Campus,,43,13,12421,21130,,IN,43684,44424,59,92,7,54,3,12,4313,4145,52905,87,83,70,79,83,88,27,31,34,26,31,35,26,33,30
228778,The University of Texas at Austin,,51,25,18036,28972,,TX,62672,63376,33,96,25,33,5,22,8219,803,53082,90,88,81,82,90,93,27,31,33,26,32,35,25,33,29
221519,The University of the South,33616,95,15,,,37122,TN,71986,71986,57,88,6,80,4,1,112,324,1693,84,82,88,72,85,67,27,29,32,29,33,35,25,29,27
196088,University at Buffalo,,60,32,20511,26546,,NY,53578,51498,71,84,7,44,8,14,3768,136,31889,79,73,67,64,74,76,27,30,32,25,29,33,26,31,28
174066,University of Minnesota-Twin Cities,,51,17,16730,26623,,MN,52780,52780,78,91,6,56,7,11,4426,1771,54890,86,85,78,83,86,83,27,29,31,25,28,33,25,31,28
230038,Brigham Young University,14643,72,32,,,20042,UT,22992,22992,75,89,8,80,0,2,2203,3732,35074,86,82,50,76,83,73,28,30,32,27,31,34,26,31,28
217882,Clemson University,,75,15,24408,27348,,SC,59282,59282,39,93,8,72,6,3,2283,2158,28747,91,88,74,82,89,92,28,30,32,26,30,34,26,31,28
139755,Georgia Institute of Technology-Main Campus,,70,14,15901,17250,,GA,49636,49636,23,98,7,31,5,25,2179,1262,47946,94,92,82,93,92,96,28,32,34,28,33,35,27,35,31
199193,North Carolina State University at Raleigh,,51,19,14860,24211,,NC,49476,49476,44,93,8,61,6,8,4883,723,37323,88,85,80,85,85,88,28,30,32,26,29,33,26,31,28
186380,Rutgers University-New Brunswick,,55,27,19052,33460,,NJ,56479,67566,66,93,15,33,8,29,6479,622,50617,87,85,78,79,85,89,28,31,33,27,31,34,26,33,29
196097,Stony Brook University,,65,38,18601,26994,,NY,52160,54378,51,89,13,30,6,28,2964,327,25865,81,78,74,72,74,85,28,31,33,27,32,34,27,33,30
196413,Syracuse University,51520,80,16,,,55337,NY,85147,85147,41,91,10,51,8,6,1180,2092,22948,84,81,82,77,85,75,28,30,32,28,31,34,26,30,28
197036,United States Military Academy,,,,,,,NY,,,10,96,11,62,10,11,82,1115,4508,85,85,75,83,89,87,28,31,33,27,31,34,27,32,29
126614,University of Colorado Boulder,,49,15,22640,30549,,CO,63197,61717,87,89,13,64,2,6,4032,3391,41432,79,75,60,72,76,80,28,31,33,27,30,34,25,31,28
134130,University of Florida,,83,22,11521,15571,,FL,44879,45419,24,97,21,48,5,10,5343,1023,54814,93,92,83,91,93,94,28,31,33,27,32,34,26,31,28
240444,University of Wisconsin-Madison,,42,15,14216,26427,,WI,58303,58303,46,95,8,57,3,9,3783,3498,49605,91,89,86,85,90,91,28,30,32,27,31,34,26,32,29
131159,American University,40189,48,13,,,53257,DC,76175,74659,45,86,12,51,9,7,,,13019,81,78,78,76,81,77,29,31,33,30,33,35,25,30,27
126775,Colorado School of Mines,,84,13,29785,33931,,CO,65196,63831,66,93,12,65,1,6,714,676,7599,79,79,58,80,80,78,29,31,33,28,32,33,28,34,31
204796,Ohio State University-Main Campus,,62,19,19575,27144,,OH,56737,56503,52,94,6,60,8,9,5255,2115,60046,90,88,79,86,88,91,29,31,32,27,31,34,27,32,29
129020,University of Connecticut,,67,24,22324,31886,,CT,62350,63118,59,91,14,50,7,11,2423,1483,27364,87,84,73,81,87,87,29,31,33,28,33,35,26,32,29
145637,University of Illinois Urbana-Champaign,,55,24,14297,28358,,IL,52139,,53,94,11,37,5,19,6118,1011,56563,87,85,65,76,89,89,29,32,34,28,33,35,27,34,30
173902,Macalester College,38571,87,17,,,43253,MN,82991,,30,95,11,52,6,8,,,2142,92,90,96,91,89,93,30,32,33,30,33,35,26,32,29
204501,Oberlin College,50484,94,9,,,48245,OH,87404,80732,36,89,8,62,4,5,,,2976,82,79,66,73,82,75,30,32,33,32,35,35,28,32,30
217493,Rhode Island School of Design,42106,35,14,,,60428,RI,81810,81810,12,93,9,23,4,21,6,307,2540,91,88,89,81,91,86,30,32,33,29,32,35,26,32,29
228246,Southern Methodist University,45792,70,12,,,57595,TX,86090,78668,64,90,15,54,8,8,646,881,11842,85,83,76,89,84,80,30,32,34,31,34,35,27,32,30
130590,Trinity College,31806,66,15,,,46149,CT,87910,87910,36,91,9,60,6,4,73,438,2276,86,83,89,84,83,86,30,31,33,29,32,35,27,30,28
229267,Trinity University,32264,97,16,,,35186,TX,68224,68224,29,92,25,53,4,8,525,104,2694,83,82,89,84,81,84,30,32,33,30,33,35,26,31,29
135726,University of Miami,41028,69,15,,,48907,FL,88440,89306,16,92,24,43,8,5,601,1525,19593,87,84,82,86,85,92,30,32,33,31,33,35,27,32,29
199120,University of North Carolina at Chapel Hill,,52,20,11140,24077,,NC,56450,56450,19,97,9,54,9,13,3735,723,32234,93,92,89,92,92,96,30,32,34,29,33,35,27,33,30
165015,Brandeis University,44668,64,14,,,53720,MA,86242,79794,39,90,8,40,6,14,204,491,5302,85,86,82,80,87,92,31,33,34,32,34,35,28,34,31
198385,Davidson College,26510,68,17,,,40503,NC,79475,,15,95,10,61,7,6,,,1904,92,92,88,92,92,97,31,32,34,,,,,,
131469,George Washington University,45466,65,15,,,53974,DC,84315,84315,43,92,10,44,10,13,37,2222,25568,87,85,82,82,86,86,31,32,34,32,34,35,28,31,30
203535,Kenyon College,44470,79,10,,,45073,OH,87590,,34,91,6,58,3,5,,,2184,91,87,80,92,88,92,31,32,34,33,35,35,27,31,28
160755,Tulane University of Louisiana,50631,62,9,,,58219,LA,87446,87446,15,94,10,57,10,6,,,13078,90,89,75,90,90,94,31,32,33,31,34,35,27,32,29
170976,University of Michigan-Ann Arbor,,52,18,19005,26787,,MI,75626,75626,20,98,9,45,5,16,,,52065,94,93,86,88,94,96,31,33,34,32,35,35,29,34,32
195030,University of Rochester,40900,69,16,,,48528,NY,85962,,40,93,7,37,5,13,,,12160,86,84,71,78,84,83,31,33,34,32,34,35,30,35,32
164988,Boston University,27551,48,18,,,48018,MA,86363,86363,10,95,9,33,5,15,425,1910,36624,92,90,91,90,89,92,32,33,34,33,35,35,29,34,31
201645,Case Western Reserve University,41351,83,17,,,49117,OH,86073,78621,29,92,9,39,7,20,210,1064,12266,90,87,73,82,92,92,32,34,35,33,34,35,31,35,33
161086,Colby College,15163,44,13,,,52893,ME,85420,74400,7,91,8,54,5,11,,,2284,92,90,76,87,93,81,32,33,34,33,35,35,29,33,31
131496,Georgetown University,37967,35,10,,,57166,DC,88741,,13,97,8,42,6,12,28,1389,20392,95,94,91,94,95,94,32,33,34,34,35,35,29,35,32
163286,University of Maryland-College Park,,50,19,15833,26239,,MD,59686,61716,48,96,9,38,12,20,4260,1767,40813,90,89,84,83,90,92,32,33,35,32,34,35,29,35,32
123961,University of Southern California,41496,69,22,,,56347,CA,90453,90453,9,97,16,23,6,20,1557,1384,47147,94,92,86,92,91,95,32,33,35,34,35,35,30,35,33
234076,University of Virginia-Main Campus,,42,14,17831,34777,,VA,76954,76954,18,97,7,51,7,16,2590,1164,25924,97,95,91,97,96,96,32,33,34,33,35,35,29,35,32
164924,Boston College,32590,45,13,,,56247,MA,89605,85771,14,95,10,56,5,9,,,15280,93,91,80,92,92,90,33,34,34,34,35,35,30,34,32
161004,Bowdoin College,23110,51,16,,,42867,ME,85100,,8,98,13,52,5,11,48,407,1850,97,96,95,90,98,91,33,34,35,34,35,36,30,34,32
190415,Cornell University,26455,50,18,,,51735,NY,88140,88140,9,98,11,29,6,19,1148,1953,26264,96,95,91,94,95,98,33,34,35,34,35,35,32,35,34
182670,Dartmouth College,17322,49,15,,,51575,NH,87793,,6,98,8,44,5,12,29,961,6746,97,96,96,93,96,98,33,34,35,35,35,36,31,35,34
230959,Middlebury College,22912,47,17,,,48804,VT,85880,80060,10,94,11,55,5,8,19,477,2857,93,93,78,86,95,96,33,34,34,,,,,,
193900,New York University,30730,46,19,,,59931,NY,87752,87752,9,96,12,24,6,17,1350,2900,57335,90,88,88,85,87,91,33,34,35,,,,,,
147767,Northwestern University,23341,54,19,,,48837,IL,91290,91290,7,97,10,35,6,16,,,23203,96,96,93,95,95,99,33,34,35,34,35,36,31,35,34
121345,Pomona College,17423,56,19,,,51240,CA,85300,82371,6,96,16,29,11,18,122,208,1664,95,93,97,87,94,95,33,34,35,35,35,36,30,35,32
216287,Swarthmore College,17930,57,20,,,47429,PA,84103,,6,97,15,30,9,18,,,1644,96,94,100,89,95,94,33,34,34,34,35,35,31,35,33
168148,Tufts University,33333,40,12,,,53400,MA,88300,88300,10,96,10,43,6,16,388,1114,13274,94,93,92,91,94,96,33,34,35,,,,,,
152080,University of Notre Dame,29083,61,12,,,46879,IN,83271,83271,12,98,12,58,4,5,120,1726,13174,97,97,92,97,97,96,33,34,35,,,,,,
197133,Vassar College,29733,61,21,,,54072,NY,87470,87970,16,94,12,55,4,12,190,440,2456,92,89,77,83,90,89,33,34,35,,,,,,
179867,Washington University in St Louis,22440,44,16,,,42712,MO,88488,88488,12,96,9,36,7,14,219,1387,16500,95,94,92,92,95,96,33,34,35,34,35,35,31,35,34
168218,Wellesley College,21501,57,21,,,50305,MA,86290,87290,14,96,15,30,8,23,,,2418,91,91,92,85,91,96,33,34,35,34,35,35,29,34,32
130794,Yale University,26044,55,19,,,49347,CT,88300,,4,99,12,33,7,17,93,1323,15081,96,96,97,95,95,98,33,34,35,34,35,36,31,35,34
217156,Brown University,26608,48,13,,,45823,RI,87648,,4,99,11,32,8,17,58,1372,11516,96,96,91,94,97,97,34,35,35,35,35,36,32,35,34
211440,Carnegie Mellon University,32964,48,15,,,52593,PA,83697,81887,15,97,7,18,3,21,161,1213,15596,93,93,86,91,92,93,34,35,35,34,35,35,33,36,35
190150,Columbia University in the City of New York,20869,55,23,,,44695,NY,89587,90987,4,97,9,25,5,13,,,35279,96,95,92,93,94,98,34,35,35,35,35,36,32,35,34
198419,Duke University,23422,52,13,,,54375,NC,87072,,7,96,8,36,7,14,,,17112,97,96,91,96,97,99,34,34,35,35,35,36,32,35,34
166027,Harvard University,17900,49,16,,,53571,MA,86705,,3,99,9,33,6,15,241,1145,30386,98,97,97,96,98,99,34,35,36,35,35,36,33,36,35
166683,Massachusetts Institute of Technology,21519,64,19,,,46627,MA,82730,,7,99,10,23,5,21,89,879,11920,97,96,95,91,96,98,34,35,36,34,35,36,34,36,35
186131,Princeton University,19811,60,19,,,39943,NJ,84040,,5,97,9,33,7,19,213,973,8922,98,97,98,94,98,97,34,34,35,35,35,36,32,35,34
227757,Rice University,20587,63,16,,,39303,TX,78278,78278,8,98,13,26,7,21,395,543,8556,97,96,92,92,95,99,34,35,36,35,35,36,33,36,35
243744,Stanford University,17998,60,19,,,50452,CA,87833,,4,98,13,25,6,22,629,800,18446,95,93,85,94,92,96,34,35,35,35,35,36,32,35,35
144050,University of Chicago,27979,51,14,,,54800,IL,90360,,4,99,11,30,5,16,,,18339,96,95,92,91,95,98,34,35,35,34,35,36,32,35,34
215062,University of Pennsylvania,26017,51,16,,,57603,PA,89028,88892,6,98,8,30,7,19,350,1663,28711,97,97,96,95,97,98,34,35,35,35,35,36,33,36,35
221999,Vanderbilt University,26689,66,19,,,42754,TN,89590,,6,96,10,46,9,13,203,1222,13456,95,93,86,91,93,95,34,35,35,35,35,36,32,35,34
104151,Arizona State University Campus Immersion,,77,30,16401,21772,,AZ,53412,52499,91,85,23,40,4,8,8611,4448,79593,70,68,54,61,70,79,,,,,,,,,
142115,Boise State University,,46,18,19037,22767,,ID,50535,47346,86,78,14,71,2,3,2015,1096,26670,64,62,50,58,63,70,,,,,,,,,
110404,California Institute of Technology,23397,61,15,,,56275,CA,86886,90306,4,98,12,24,2,22,81,135,2463,93,93,67,90,96,92,,,,,,,,,
110556,California State University-Fresno,,76,56,7303,16580,,CA,35630,41287,97,78,60,16,3,12,3472,23,23986,59,55,40,53,67,52,,,,,,,,,
126818,Colorado State University-Fort Collins,,54,19,19828,28684,,CO,53294,52367,92,85,14,68,3,3,3460,1800,33500,70,67,60,58,70,60,,,,,,,,,
232557,Liberty University,29692,82,39,,,31028,VA,42680,41462,99,79,7,50,15,2,1265,5058,103068,66,63,37,53,68,63,,,,,,,,,
147703,Northern Illinois University,,88,46,13533,21307,,IL,29636,29636,73,70,21,44,18,6,,,15504,54,50,32,37,62,73,,,,,,,,,
209542,Oregon State University,,60,22,21868,26447,,OR,54375,54375,80,87,12,62,2,8,2692,1876,35622,73,71,53,65,72,77,,,,,,,,,
122409,San Diego State University,,88,31,19500,24913,,CA,45952,43328,37,90,36,34,4,13,4597,1442,39241,82,78,79,76,79,83,,,,,,,,,
216339,Temple University,,76,30,29641,34632,,PA,60136,60136,84,83,9,45,16,15,,,30205,77,75,63,67,78,76,,,,,,,,,
110635,University of California-Berkeley,,57,27,16997,35154,,CA,75830,71094,14,97,19,22,3,31,5271,678,45699,94,93,88,87,92,96,,,,,,,,,
110644,University of California-Davis,,59,31,17315,31258,,CA,71832,66346,46,93,23,23,2,28,5206,348,39707,87,85,70,80,86,90,,,,,,,,,
110653,University of California-Irvine,,64,37,14647,29595,,CA,69828,68687,28,94,24,15,2,35,5222,525,36582,88,86,78,80,83,91,,,,,,,,,
110662,University of California-Los Angeles,,55,27,15166,30481,,CA,68808,69854,10,97,21,26,4,27,5193,873,46678,94,93,86,89,94,97,,,,,,,,,
110671,University of California-Riverside,,74,47,13533,29624,,CA,71062,66228,66,88,37,12,3,33,5238,75,26426,78,77,75,73,75,83,,,,,,,,,
110680,University of California-San Diego,,57,33,13293,28113,,CA,69282,68461,28,94,22,19,2,31,5556,668,42376,89,88,86,78,88,93,,,,,,,,,
110705,University of California-Santa Barbara,,57,28,15283,30085,,CA,71364,68716,30,92,25,32,2,18,4023,465,26068,87,85,85,78,88,89,,,,,,,,,
110714,University of California-Santa Cruz,,62,32,16526,32674,,CA,71083,69613,66,90,27,31,2,23,3996,301,19764,78,74,74,71,73,79,,,,,,,,,
182290,University of Nevada-Reno,,65,24,16801,20739,,NV,46220,46220,86,80,24,49,4,8,2578,815,21778,66,62,54,58,64,74,,,,,,,,,
101879,University of North Alabama,,83,24,10441,14273,,AL,34990,35290,96,78,5,70,12,2,,,10059,58,54,37,49,60,50,,,,,,,,,
236948,University of Washington-Seattle Campus,,39,15,11023,28383,,WA,63906,63906,46,95,8,31,3,20,,,55620,86,84,78,78,82,88,,,,,,,,,
240727,University of Wyoming,,72,22,13299,18136,,WY,41648,38008,98,77,9,75,1,1,816,592,10913,65,60,42,46,64,46,,,,,,,,,
236939,Washington State University,,66,26,18155,24472,,WA,46608,46608,85,80,16,58,3,7,3508,641,26490,64,62,49,54,64,67,,,,,,,,,